,mean_fit_time,std_fit_time,mean_score_time,std_score_time,param_custommlp__alpha,param_custommlp__batch_size,param_custommlp__class_weight,param_custommlp__hidden_layer_size,param_custommlp__n_epochs,param_custommlp__nesterovs_momentum,params,split0_test_score,split1_test_score,split2_test_score,split3_test_score,split4_test_score,mean_test_score,std_test_score,rank_test_score
0,19.414708280563353,0.5904443074204868,0.2955475807189941,0.030609452955119194,0.00012520653814999459,256,,300,287,False,"{'custommlp__alpha': 0.00012520653814999459, 'custommlp__batch_size': 256, 'custommlp__class_weight': None, 'custommlp__hidden_layer_size': 300, 'custommlp__n_epochs': 287, 'custommlp__nesterovs_momentum': False}",0.5545489763966397,0.5715420302356311,0.5820903922297815,0.5743783580869242,0.5594976906412757,0.5684114895180504,0.010041327258450677,15
1,4.5997823715209964,1.7769471783142758,0.26780190467834475,0.08534263699914818,7.035737028722141e-05,256,,400,32,True,"{'custommlp__alpha': 7.035737028722141e-05, 'custommlp__batch_size': 256, 'custommlp__class_weight': None, 'custommlp__hidden_layer_size': 400, 'custommlp__n_epochs': 32, 'custommlp__nesterovs_momentum': True}",0.562633326417974,0.6114092624255866,0.5693057362592059,0.5776471524678033,0.5640774520458736,0.5770145859232887,0.017983383069910715,3
2,17.00434527397156,0.25511839689864396,0.21465592384338378,0.05647382493487915,0.0008459126528049375,32,balanced,50,46,False,"{'custommlp__alpha': 0.0008459126528049375, 'custommlp__batch_size': 32, 'custommlp__class_weight': 'balanced', 'custommlp__hidden_layer_size': 50, 'custommlp__n_epochs': 46, 'custommlp__nesterovs_momentum': False}",0.5357659804720863,0.5522584495417922,0.5478101129344418,0.5113640441330446,0.5259784809733179,0.5346354136109366,0.01484534539295975,71
3,28.07294020652771,0.33893126922661054,0.18920435905456542,0.04240180623317498,1.3869861245357317e-05,16,,300,42,False,"{'custommlp__alpha': 1.3869861245357317e-05, 'custommlp__batch_size': 16, 'custommlp__class_weight': None, 'custommlp__hidden_layer_size': 300, 'custommlp__n_epochs': 42, 'custommlp__nesterovs_momentum': False}",0.5236375285445332,0.5609796445886509,0.5635838516592157,0.5386715123341188,0.5297167962807668,0.5433178666814571,0.01622678020995539,55
4,281.0792480945587,2.8374278339649597,0.1673649311065674,0.011618028627517391,0.00036000911929116066,8,,300,228,False,"{'custommlp__alpha': 0.00036000911929116066, 'custommlp__batch_size': 8, 'custommlp__class_weight': None, 'custommlp__hidden_layer_size': 300, 'custommlp__n_epochs': 228, 'custommlp__nesterovs_momentum': False}",0.4970600325480502,0.5143837787483797,0.5358782902765762,0.49861018885614505,0.5140404445019844,0.5119945469862272,0.01401790342865839,91
5,18.475076580047606,0.24922215819622548,0.17192835807800294,0.011224079928003849,0.00010988918668982819,64,,50,97,False,"{'custommlp__alpha': 0.00010988918668982819, 'custommlp__batch_size': 64, 'custommlp__class_weight': None, 'custommlp__hidden_layer_size': 50, 'custommlp__n_epochs': 97, 'custommlp__nesterovs_momentum': False}",0.4713585389127678,0.5376904438939387,0.5608854786721794,0.5269885657143163,0.5255931656041255,0.5245032385594657,0.029425477643429204,82
6,9.067033290863037,0.08863003596815715,0.1643613338470459,0.008427163666757416,0.0007750644796341915,32,,300,21,True,"{'custommlp__alpha': 0.0007750644796341915, 'custommlp__batch_size': 32, 'custommlp__class_weight': None, 'custommlp__hidden_layer_size': 300, 'custommlp__n_epochs': 21, 'custommlp__nesterovs_momentum': True}",0.5182315276674881,0.5787559757142273,0.5581736916357725,0.5255015827821169,0.537403098920714,0.5436131753440637,0.02217136858937631,54
7,13.413736295700073,0.17429499577182914,0.16201348304748536,0.005549829018133065,8.17147891511587e-05,32,,50,36,False,"{'custommlp__alpha': 8.17147891511587e-05, 'custommlp__batch_size': 32, 'custommlp__class_weight': None, 'custommlp__hidden_layer_size': 50, 'custommlp__n_epochs': 36, 'custommlp__nesterovs_momentum': False}",0.5515759006593306,0.5491010572260716,0.5045646564870091,0.5120670551292235,0.5326486594681703,0.529991465793961,0.019004905264652535,76
8,14.836691427230836,0.20442725879572624,0.1733102321624756,0.012398204648441517,0.000167568138614885,128,balanced,400,144,True,"{'custommlp__alpha': 0.000167568138614885, 'custommlp__batch_size': 128, 'custommlp__class_weight': 'balanced', 'custommlp__hidden_layer_size': 400, 'custommlp__n_epochs': 144, 'custommlp__nesterovs_momentum': True}",0.5599235252227762,0.5942566951623831,0.5970824276709541,0.5531297864119231,0.5734985671036339,0.5755782003143342,0.017689787885902114,4
9,275.4246522903442,0.4956208475894932,0.15513215065002442,0.013222027131910166,0.00016831658680991382,16,balanced,100,444,True,"{'custommlp__alpha': 0.00016831658680991382, 'custommlp__batch_size': 16, 'custommlp__class_weight': 'balanced', 'custommlp__hidden_layer_size': 100, 'custommlp__n_epochs': 444, 'custommlp__nesterovs_momentum': True}",0.5319210023099641,0.5055712167113912,0.5341597634969066,0.5400686601759576,0.5379444881445953,0.5299330261677629,0.012507835283008847,77
10,8.120080995559693,0.10637342223745137,0.15948004722595216,0.012353404280835194,0.00021941976179005762,512,,300,189,False,"{'custommlp__alpha': 0.00021941976179005762, 'custommlp__batch_size': 512, 'custommlp__class_weight': None, 'custommlp__hidden_layer_size': 300, 'custommlp__n_epochs': 189, 'custommlp__nesterovs_momentum': False}",0.555723072075327,0.5743262245224459,0.5735224312867985,0.5496270116583573,0.5878773822158363,0.568215224351753,0.01381076927648905,16
11,77.48397340774537,1.441579995710673,0.1630577564239502,0.022715451092774543,5.338528208876637e-05,16,,400,120,True,"{'custommlp__alpha': 5.338528208876637e-05, 'custommlp__batch_size': 16, 'custommlp__class_weight': None, 'custommlp__hidden_layer_size': 400, 'custommlp__n_epochs': 120, 'custommlp__nesterovs_momentum': True}",0.48985866942055,0.5569550902803343,0.5207280736104875,0.5215093558035291,0.5255346748452339,0.522917172792027,0.021284125037224502,85
12,12.701013612747193,0.33567275639127064,0.14962491989135743,0.016184719126309057,1.5998881492631487e-05,128,balanced,400,129,True,"{'custommlp__alpha': 1.5998881492631487e-05, 'custommlp__batch_size': 128, 'custommlp__class_weight': 'balanced', 'custommlp__hidden_layer_size': 400, 'custommlp__n_epochs': 129, 'custommlp__nesterovs_momentum': True}",0.5423895697867789,0.5857516623044423,0.593827606886953,0.5645199646966678,0.5714905467117735,0.5715958700773232,0.017875816522770552,9
13,3.2253684520721437,0.05839511884636157,0.17245869636535643,0.03048136723636189,6.741199446482257e-05,128,balanced,200,19,False,"{'custommlp__alpha': 6.741199446482257e-05, 'custommlp__batch_size': 128, 'custommlp__class_weight': 'balanced', 'custommlp__hidden_layer_size': 200, 'custommlp__n_epochs': 19, 'custommlp__nesterovs_momentum': False}",0.5363208228089286,0.5908875339053928,0.5766052733941154,0.5591249712418997,0.5552477273603253,0.5636372657421325,0.0186958794811644,26
14,483.0105977535248,1.709535920081673,0.17028388977050782,0.02468764716651726,0.00022361691130771508,8,balanced,100,410,False,"{'custommlp__alpha': 0.00022361691130771508, 'custommlp__batch_size': 8, 'custommlp__class_weight': 'balanced', 'custommlp__hidden_layer_size': 100, 'custommlp__n_epochs': 410, 'custommlp__nesterovs_momentum': False}",0.48360296519790297,0.5343727045475613,0.5367406658109495,0.5034507193714797,0.47501236982160994,0.5066358849499006,0.0253627142601816,93
15,176.45591912269592,1.4244541746290258,0.1554593563079834,0.012416978110875419,0.00043851702560851274,8,balanced,200,139,True,"{'custommlp__alpha': 0.00043851702560851274, 'custommlp__batch_size': 8, 'custommlp__class_weight': 'balanced', 'custommlp__hidden_layer_size': 200, 'custommlp__n_epochs': 139, 'custommlp__nesterovs_momentum': True}",0.4982227727584975,0.5478715639958109,0.5091911870621251,0.5127721263179384,0.46243641514619754,0.5060988130561139,0.027449938469756182,94
16,36.86328134536743,0.23872446374350387,0.15848703384399415,0.011739812367053114,0.0008972612866432509,32,,50,107,False,"{'custommlp__alpha': 0.0008972612866432509, 'custommlp__batch_size': 32, 'custommlp__class_weight': None, 'custommlp__hidden_layer_size': 50, 'custommlp__n_epochs': 107, 'custommlp__nesterovs_momentum': False}",0.5057460872260886,0.5268187721394673,0.5625101286513924,0.5230700846017375,0.497492315802222,0.5231274776841814,0.02246729358377482,83
17,7.014464378356934,0.30475238943141053,0.17883820533752443,0.016774170262347454,1.0964159147797006e-05,32,,300,16,False,"{'custommlp__alpha': 1.0964159147797006e-05, 'custommlp__batch_size': 32, 'custommlp__class_weight': None, 'custommlp__hidden_layer_size': 300, 'custommlp__n_epochs': 16, 'custommlp__nesterovs_momentum': False}",0.5287547050155745,0.5653399499665178,0.5502004771205605,0.5357366097197296,0.5445208062893913,0.5449105096223548,0.012575119240081669,53
18,228.71630444526673,4.047397757646713,0.16824851036071778,0.0261469283186951,9.157713694316305e-05,16,,300,363,False,"{'custommlp__alpha': 9.157713694316305e-05, 'custommlp__batch_size': 16, 'custommlp__class_weight': None, 'custommlp__hidden_layer_size': 300, 'custommlp__n_epochs': 363, 'custommlp__nesterovs_momentum': False}",0.5079947197528681,0.5582216141154541,0.5666766040170024,0.5090289359567559,0.49172059632745235,0.5267284940339065,0.029924737794865236,79
19,14.075717496871949,0.1335561921792813,0.1679757595062256,0.02255520908658005,0.00024262985503685795,64,,100,73,True,"{'custommlp__alpha': 0.00024262985503685795, 'custommlp__batch_size': 64, 'custommlp__class_weight': None, 'custommlp__hidden_layer_size': 100, 'custommlp__n_epochs': 73, 'custommlp__nesterovs_momentum': True}",0.5132145162288253,0.5683561741387628,0.5428574273712774,0.5599574111431359,0.5228018748638495,0.5414374807491702,0.02104015996630972,57
20,20.80711898803711,0.5506428878296066,0.1678460121154785,0.019507520353754013,1.5412781495004114e-05,16,,200,30,True,"{'custommlp__alpha': 1.5412781495004114e-05, 'custommlp__batch_size': 16, 'custommlp__class_weight': None, 'custommlp__hidden_layer_size': 200, 'custommlp__n_epochs': 30, 'custommlp__nesterovs_momentum': True}",0.512279835164715,0.5674914922191243,0.5498876792416023,0.5359398549770793,0.526706775733445,0.5384611274671932,0.018991102281654404,63
21,47.87111577987671,0.5949921593320606,0.16625895500183105,0.02867258426720436,0.00021618261203953774,64,,50,269,True,"{'custommlp__alpha': 0.00021618261203953774, 'custommlp__batch_size': 64, 'custommlp__class_weight': None, 'custommlp__hidden_layer_size': 50, 'custommlp__n_epochs': 269, 'custommlp__nesterovs_momentum': True}",0.5026949870336697,0.5534051650061549,0.5585293867093406,0.5047360374893246,0.5194604754247977,0.5277652103326576,0.02379777024762491,78
22,7.506409978866577,0.5251540349393368,0.18497447967529296,0.03613479491152031,2.324784621061443e-05,32,balanced,50,19,False,"{'custommlp__alpha': 2.324784621061443e-05, 'custommlp__batch_size': 32, 'custommlp__class_weight': 'balanced', 'custommlp__hidden_layer_size': 50, 'custommlp__n_epochs': 19, 'custommlp__nesterovs_momentum': False}",0.5186554251921119,0.5578107181591754,0.5392497027465267,0.5272536754346258,0.5364366559554449,0.5358812354975768,0.013143215790797216,69
23,11.096507740020751,0.23669869272293778,0.23179845809936522,0.0386692281315244,1.0218589483781247e-05,256,,300,157,False,"{'custommlp__alpha': 1.0218589483781247e-05, 'custommlp__batch_size': 256, 'custommlp__class_weight': None, 'custommlp__hidden_layer_size': 300, 'custommlp__n_epochs': 157, 'custommlp__nesterovs_momentum': False}",0.5670405625199295,0.5889737168264824,0.5675632425065125,0.5610226862108572,0.582500215715903,0.5734200847559369,0.010517230097472786,6
24,61.70742225646973,0.4061957951133061,0.20967717170715333,0.031054271156407735,0.0008401891913442231,8,,300,47,True,"{'custommlp__alpha': 0.0008401891913442231, 'custommlp__batch_size': 8, 'custommlp__class_weight': None, 'custommlp__hidden_layer_size': 300, 'custommlp__n_epochs': 47, 'custommlp__nesterovs_momentum': True}",0.5130619418175025,0.5259685705897416,0.5086150476257287,0.5200131384876996,0.5297005404308526,0.519471847790305,0.007824110943491391,86
25,14.578310632705689,0.3278176320284021,0.19096074104309083,0.02982169369698905,0.00013947738988072796,128,balanced,400,143,True,"{'custommlp__alpha': 0.00013947738988072796, 'custommlp__batch_size': 128, 'custommlp__class_weight': 'balanced', 'custommlp__hidden_layer_size': 400, 'custommlp__n_epochs': 143, 'custommlp__nesterovs_momentum': True}",0.5711116685656694,0.5987679337313027,0.5777759518611832,0.5411401220900826,0.5599844933864981,0.5697560339269472,0.01909031468568496,14
26,13.297917747497559,0.2025336382180106,0.20968198776245117,0.03875923003158277,0.0004929664291135948,256,balanced,400,201,False,"{'custommlp__alpha': 0.0004929664291135948, 'custommlp__batch_size': 256, 'custommlp__class_weight': 'balanced', 'custommlp__hidden_layer_size': 400, 'custommlp__n_epochs': 201, 'custommlp__nesterovs_momentum': False}",0.5598963754878363,0.567779792376374,0.5895101671607275,0.5624895203235745,0.5605826751699443,0.5680517061036913,0.011079469655242041,18
27,41.20905480384827,0.7169188946353978,0.20943841934204102,0.013248801179019243,6.208854487201745e-05,8,,50,34,True,"{'custommlp__alpha': 6.208854487201745e-05, 'custommlp__batch_size': 8, 'custommlp__class_weight': None, 'custommlp__hidden_layer_size': 50, 'custommlp__n_epochs': 34, 'custommlp__nesterovs_momentum': True}",0.48670881919177544,0.5117625806110666,0.5000523605739893,0.4947216394412444,0.4911090530460725,0.4968708905728296,0.00863678100252881,98
28,12.61782455444336,0.3642565850148721,0.17001943588256835,0.02178095202942529,0.0002426963138379089,128,balanced,300,124,True,"{'custommlp__alpha': 0.0002426963138379089, 'custommlp__batch_size': 128, 'custommlp__class_weight': 'balanced', 'custommlp__hidden_layer_size': 300, 'custommlp__n_epochs': 124, 'custommlp__nesterovs_momentum': True}",0.5139703085098383,0.5590655619065974,0.5806010915202952,0.5492057223432764,0.5658857684862312,0.5537456905532477,0.02235883455183979,37
29,9.073048734664917,0.5291732690737891,0.19519686698913574,0.03373241282470593,0.00017282920378644166,64,balanced,50,45,False,"{'custommlp__alpha': 0.00017282920378644166, 'custommlp__batch_size': 64, 'custommlp__class_weight': 'balanced', 'custommlp__hidden_layer_size': 50, 'custommlp__n_epochs': 45, 'custommlp__nesterovs_momentum': False}",0.530782146911708,0.5704295807850575,0.5451578521879202,0.5053099890982214,0.5298692307361662,0.5363097599438147,0.02133293990703244,67
30,2.8544076919555663,0.24832694011770456,0.2270115375518799,0.03782085744752454,7.20339784977015e-05,512,balanced,300,14,False,"{'custommlp__alpha': 7.20339784977015e-05, 'custommlp__batch_size': 512, 'custommlp__class_weight': 'balanced', 'custommlp__hidden_layer_size': 300, 'custommlp__n_epochs': 14, 'custommlp__nesterovs_momentum': False}",0.5493317040641039,0.6117890781506341,0.5883211322917046,0.5667478019052504,0.5812258195049664,0.579483107183332,0.02095766496905844,2
31,7.397162818908692,0.17529395923104407,0.19176807403564453,0.03339828732423761,0.00015196568166072388,512,,50,128,False,"{'custommlp__alpha': 0.00015196568166072388, 'custommlp__batch_size': 512, 'custommlp__class_weight': None, 'custommlp__hidden_layer_size': 50, 'custommlp__n_epochs': 128, 'custommlp__nesterovs_momentum': False}",0.5417716914552017,0.5652279270528886,0.5647231279924207,0.5360686765360423,0.5383272753625477,0.5492237396798202,0.012989893727151727,45
32,10.558422803878784,0.13677672217887904,0.17605342864990234,0.049917844446898826,2.7702908677101706e-05,64,,400,55,True,"{'custommlp__alpha': 2.7702908677101706e-05, 'custommlp__batch_size': 64, 'custommlp__class_weight': None, 'custommlp__hidden_layer_size': 400, 'custommlp__n_epochs': 55, 'custommlp__nesterovs_momentum': True}",0.5366866004698709,0.5829345917052324,0.5867158486770321,0.5605228255435869,0.551586980423114,0.5636893693637673,0.018901014143742578,25
33,2.8010518074035646,0.38957435276517194,0.17037510871887207,0.021624158860168222,3.3165141546350614e-05,256,balanced,300,15,True,"{'custommlp__alpha': 3.3165141546350614e-05, 'custommlp__batch_size': 256, 'custommlp__class_weight': 'balanced', 'custommlp__hidden_layer_size': 300, 'custommlp__n_epochs': 15, 'custommlp__nesterovs_momentum': True}",0.5597194422833508,0.5691567974184839,0.5833516399854277,0.5646300282405614,0.5582630391039721,0.5670241894063592,0.009022003681945981,21
34,15.08717041015625,0.13861158141086444,0.21633024215698243,0.0179337939258098,5.065511695366731e-05,512,balanced,400,298,True,"{'custommlp__alpha': 5.065511695366731e-05, 'custommlp__batch_size': 512, 'custommlp__class_weight': 'balanced', 'custommlp__hidden_layer_size': 400, 'custommlp__n_epochs': 298, 'custommlp__nesterovs_momentum': True}",0.5504910543847676,0.6043096443245481,0.5842566422701714,0.5647169118629697,0.5740316620195441,0.5755611829724002,0.018168841681051796,5
35,190.56872205734254,1.7023854950381199,0.16553401947021484,0.014568183407471956,0.00010390367228171928,16,balanced,300,295,False,"{'custommlp__alpha': 0.00010390367228171928, 'custommlp__batch_size': 16, 'custommlp__class_weight': 'balanced', 'custommlp__hidden_layer_size': 300, 'custommlp__n_epochs': 295, 'custommlp__nesterovs_momentum': False}",0.5266926623863791,0.5557959939748787,0.5662871019888828,0.5169508102290677,0.5354371639906709,0.5402327465139758,0.01827251574270415,58
36,77.01215205192565,3.6896493619557145,0.16190247535705565,0.019813270661609067,0.00013746795663394844,64,balanced,100,467,False,"{'custommlp__alpha': 0.00013746795663394844, 'custommlp__batch_size': 64, 'custommlp__class_weight': 'balanced', 'custommlp__hidden_layer_size': 100, 'custommlp__n_epochs': 467, 'custommlp__nesterovs_momentum': False}",0.5233311414140446,0.5729278466978649,0.5605388060833757,0.5457676886513775,0.554909556604894,0.5514950078903114,0.016606152887344804,42
37,15.529091548919677,0.8834633280119335,0.17251291275024414,0.018241217998662445,8.073937167660737e-05,32,,400,42,False,"{'custommlp__alpha': 8.073937167660737e-05, 'custommlp__batch_size': 32, 'custommlp__class_weight': None, 'custommlp__hidden_layer_size': 400, 'custommlp__n_epochs': 42, 'custommlp__nesterovs_momentum': False}",0.5613438489527922,0.5687227170239794,0.553593167928124,0.5288558930061532,0.5468871537122026,0.5518805561246503,0.013647084036323412,39
38,2.9432312488555907,0.11873092282610288,0.16459174156188966,0.02466548045572239,0.0005147622432383661,256,balanced,100,20,True,"{'custommlp__alpha': 0.0005147622432383661, 'custommlp__batch_size': 256, 'custommlp__class_weight': 'balanced', 'custommlp__hidden_layer_size': 100, 'custommlp__n_epochs': 20, 'custommlp__nesterovs_momentum': True}",0.5400515616909477,0.5780665073476112,0.602325103115355,0.5592995959854445,0.5708896486519202,0.5701264833582556,0.020601455870678232,13
39,3.162433910369873,0.055061730723602945,0.1914437770843506,0.020573632025510224,9.530109129483167e-05,256,,400,20,True,"{'custommlp__alpha': 9.530109129483167e-05, 'custommlp__batch_size': 256, 'custommlp__class_weight': None, 'custommlp__hidden_layer_size': 400, 'custommlp__n_epochs': 20, 'custommlp__nesterovs_momentum': True}",0.5526294442248216,0.5897319700312632,0.5808375757256142,0.5470511616523981,0.5706422864811438,0.5681784876230482,0.016241995404462813,17
40,7.850256538391113,0.1047392880703927,0.19255056381225585,0.03274688500397007,2.804460814106101e-05,256,,50,108,False,"{'custommlp__alpha': 2.804460814106101e-05, 'custommlp__batch_size': 256, 'custommlp__class_weight': None, 'custommlp__hidden_layer_size': 50, 'custommlp__n_epochs': 108, 'custommlp__nesterovs_momentum': False}",0.5122823000022236,0.5460322498622556,0.5492762501436619,0.5396019830795845,0.5476394160431752,0.5389664398261802,0.013739618699806264,61
41,15.48776454925537,0.22638239968743926,0.17917966842651367,0.02091297294542167,1.1579181437349266e-05,8,balanced,50,12,True,"{'custommlp__alpha': 1.1579181437349266e-05, 'custommlp__batch_size': 8, 'custommlp__class_weight': 'balanced', 'custommlp__hidden_layer_size': 50, 'custommlp__n_epochs': 12, 'custommlp__nesterovs_momentum': True}",0.5102267015356228,0.5043514344760993,0.5266577840188135,0.5270763912028634,0.5227833215933242,0.5182191265653447,0.009237810286721644,87
42,56.0673086643219,0.9584672159607779,0.18378252983093263,0.022084479484859837,2.9907880915878078e-05,16,balanced,400,81,True,"{'custommlp__alpha': 2.9907880915878078e-05, 'custommlp__batch_size': 16, 'custommlp__class_weight': 'balanced', 'custommlp__hidden_layer_size': 400, 'custommlp__n_epochs': 81, 'custommlp__nesterovs_momentum': True}",0.5271163770652639,0.533235538259596,0.5667250613075577,0.5468110490929943,0.5238850243041399,0.5395546100059103,0.015691179398921746,60
43,29.07820062637329,1.8345892754026294,0.20033864974975585,0.016239988692307365,0.0003174596194097273,16,,100,47,False,"{'custommlp__alpha': 0.0003174596194097273, 'custommlp__batch_size': 16, 'custommlp__class_weight': None, 'custommlp__hidden_layer_size': 100, 'custommlp__n_epochs': 47, 'custommlp__nesterovs_momentum': False}",0.5154085710708971,0.5608259549026741,0.5623030515139146,0.48920415633156533,0.4952237295577949,0.5245930926753692,0.03141386013646967,81
44,12.749282217025756,0.24989790567934522,0.1796125888824463,0.030884807067949566,2.785392800820961e-05,256,,400,180,True,"{'custommlp__alpha': 2.785392800820961e-05, 'custommlp__batch_size': 256, 'custommlp__class_weight': None, 'custommlp__hidden_layer_size': 400, 'custommlp__n_epochs': 180, 'custommlp__nesterovs_momentum': True}",0.5176065064706268,0.5888918151595065,0.5930343878964671,0.5805851419238178,0.5572348487550182,0.5674705400410873,0.027840852528018094,20
45,2.9305511951446532,0.14196920800051524,0.23403444290161132,0.04531647427144442,0.0008719134281537059,256,balanced,300,12,False,"{'custommlp__alpha': 0.0008719134281537059, 'custommlp__batch_size': 256, 'custommlp__class_weight': 'balanced', 'custommlp__hidden_layer_size': 300, 'custommlp__n_epochs': 12, 'custommlp__nesterovs_momentum': False}",0.563073485760264,0.60423259450364,0.5793150972887495,0.5660770621055399,0.5852732733609898,0.5795943026038366,0.01479883287341375,1
46,42.024615621566774,0.13537167506761363,0.21161417961120604,0.04139768941796741,4.203313319479941e-05,32,,300,112,False,"{'custommlp__alpha': 4.203313319479941e-05, 'custommlp__batch_size': 32, 'custommlp__class_weight': None, 'custommlp__hidden_layer_size': 300, 'custommlp__n_epochs': 112, 'custommlp__nesterovs_momentum': False}",0.5241536908325866,0.5981853017837777,0.5572231823846018,0.5353982396878948,0.5296237086690351,0.5489168246715791,0.027072375876485248,46
47,5.829448318481445,0.19403437466655674,0.1848769187927246,0.019064329776507974,1.1203596437082336e-05,256,balanced,100,65,False,"{'custommlp__alpha': 1.1203596437082336e-05, 'custommlp__batch_size': 256, 'custommlp__class_weight': 'balanced', 'custommlp__hidden_layer_size': 100, 'custommlp__n_epochs': 65, 'custommlp__nesterovs_momentum': False}",0.550730436199695,0.5704901668944563,0.5648062310459531,0.5560479300148473,0.5801942542832611,0.5644538036876425,0.010424137356854213,22
48,12.894426155090333,0.09639002671172044,0.1935938835144043,0.03172995071587816,0.00011834731850968474,64,balanced,100,63,True,"{'custommlp__alpha': 0.00011834731850968474, 'custommlp__batch_size': 64, 'custommlp__class_weight': 'balanced', 'custommlp__hidden_layer_size': 100, 'custommlp__n_epochs': 63, 'custommlp__nesterovs_momentum': True}",0.5361180749827458,0.5610089329453054,0.5557089956532757,0.5376800243534716,0.5673022594380469,0.551563657474569,0.012533331051653246,41
49,68.28643288612366,0.4548088123652522,0.20540862083435057,0.0296615020540864,0.00021191241762223465,32,,50,194,False,"{'custommlp__alpha': 0.00021191241762223465, 'custommlp__batch_size': 32, 'custommlp__class_weight': None, 'custommlp__hidden_layer_size': 50, 'custommlp__n_epochs': 194, 'custommlp__nesterovs_momentum': False}",0.5296739014200716,0.5175011703137444,0.5195016409939962,0.5300791982513408,0.527275808263428,0.5248063438485162,0.005274462958637424,80
50,98.7055902004242,3.1695832820402687,0.19792819023132324,0.030509781730063763,0.0006439467436576737,8,balanced,300,76,True,"{'custommlp__alpha': 0.0006439467436576737, 'custommlp__batch_size': 8, 'custommlp__class_weight': 'balanced', 'custommlp__hidden_layer_size': 300, 'custommlp__n_epochs': 76, 'custommlp__nesterovs_momentum': True}",0.5268998494006907,0.5534284425842215,0.537762904263661,0.5276465902473382,0.517898795085898,0.5327273163163619,0.012112406570594227,74
51,9.991124820709228,0.3074809557002646,0.17347230911254882,0.019749556900852828,0.000556290074117835,256,,100,143,False,"{'custommlp__alpha': 0.000556290074117835, 'custommlp__batch_size': 256, 'custommlp__class_weight': None, 'custommlp__hidden_layer_size': 100, 'custommlp__n_epochs': 143, 'custommlp__nesterovs_momentum': False}",0.5350870996123124,0.5514718052883428,0.5519058449165151,0.5493841882825073,0.5431201200409868,0.546193811628133,0.0063791798271697064,52
52,4.102618980407715,0.14401422016822868,0.19722485542297363,0.0373733965958758,0.0002371245680478914,128,,100,25,True,"{'custommlp__alpha': 0.0002371245680478914, 'custommlp__batch_size': 128, 'custommlp__class_weight': None, 'custommlp__hidden_layer_size': 100, 'custommlp__n_epochs': 25, 'custommlp__nesterovs_momentum': True}",0.5494725184493477,0.5348845147818675,0.5546712386440577,0.5621946840461761,0.5528891393813994,0.5508224190605697,0.008991687054506202,43
53,7.686918115615844,0.11864383605295933,0.19833111763000488,0.019643430410232608,3.220203258943084e-05,128,,400,63,True,"{'custommlp__alpha': 3.220203258943084e-05, 'custommlp__batch_size': 128, 'custommlp__class_weight': None, 'custommlp__hidden_layer_size': 400, 'custommlp__n_epochs': 63, 'custommlp__nesterovs_momentum': True}",0.5337147624339,0.5916051649251167,0.5679097361828974,0.5637847555881714,0.5596381221553756,0.5633305082570923,0.01850058374493629,28
54,27.30896258354187,0.29643415577749604,0.17088618278503417,0.023395452487569753,2.5998012658801434e-05,8,balanced,50,23,False,"{'custommlp__alpha': 2.5998012658801434e-05, 'custommlp__batch_size': 8, 'custommlp__class_weight': 'balanced', 'custommlp__hidden_layer_size': 50, 'custommlp__n_epochs': 23, 'custommlp__nesterovs_momentum': False}",0.4943759926472347,0.49465272670702054,0.46023827729350664,0.5142225902332758,0.48759896354659926,0.49021771008552734,0.01742882199788684,100
55,14.258101892471313,0.1044960082344742,0.17833514213562013,0.016174074049277634,0.0001491312619632369,128,balanced,400,140,True,"{'custommlp__alpha': 0.0001491312619632369, 'custommlp__batch_size': 128, 'custommlp__class_weight': 'balanced', 'custommlp__hidden_layer_size': 400, 'custommlp__n_epochs': 140, 'custommlp__nesterovs_momentum': True}",0.5443308552424229,0.6055330825446715,0.5791448531185639,0.5610920934032835,0.5697463650674706,0.5719694498752824,0.020323162907532735,8
56,41.51307797431946,0.20086689602966795,0.20468454360961913,0.02603939522185636,1.8371144479809275e-05,16,balanced,300,61,True,"{'custommlp__alpha': 1.8371144479809275e-05, 'custommlp__batch_size': 16, 'custommlp__class_weight': 'balanced', 'custommlp__hidden_layer_size': 300, 'custommlp__n_epochs': 61, 'custommlp__nesterovs_momentum': True}",0.5433067924931377,0.5419458367422278,0.5379962160949285,0.5348173608026323,0.533684884401009,0.5383502181067871,0.003791248864454684,64
57,8.882610368728638,0.15930485303439124,0.19582805633544922,0.02232329423564636,2.325732021462238e-05,64,,200,40,True,"{'custommlp__alpha': 2.325732021462238e-05, 'custommlp__batch_size': 64, 'custommlp__class_weight': None, 'custommlp__hidden_layer_size': 200, 'custommlp__n_epochs': 40, 'custommlp__nesterovs_momentum': True}",0.5230568851421269,0.5616512131354789,0.5375706926124653,0.5658491276896044,0.5527265874021118,0.5481709011963575,0.015862351673834693,48
58,22.61797523498535,0.34506054325239305,0.19699759483337403,0.02032982780641698,1.1505511474550773e-05,256,balanced,100,343,False,"{'custommlp__alpha': 1.1505511474550773e-05, 'custommlp__batch_size': 256, 'custommlp__class_weight': 'balanced', 'custommlp__hidden_layer_size': 100, 'custommlp__n_epochs': 343, 'custommlp__nesterovs_momentum': False}",0.5302459027603434,0.5812368441136565,0.5630412957705064,0.5353552434314475,0.5514841153774548,0.5522726802906817,0.018584328334357456,38
59,76.39145722389222,0.35356417537616464,0.17996931076049805,0.016491883816329395,0.0003151438483996217,64,,200,431,True,"{'custommlp__alpha': 0.0003151438483996217, 'custommlp__batch_size': 64, 'custommlp__class_weight': None, 'custommlp__hidden_layer_size': 200, 'custommlp__n_epochs': 431, 'custommlp__nesterovs_momentum': True}",0.54016632611673,0.5388106942811803,0.5736340320876726,0.5432703798194782,0.5133070300560056,0.5418376924722134,0.01917818910860461,56
60,55.359856081008914,3.038558894717345,0.16717977523803712,0.010189251260525783,3.748263264804914e-05,16,,100,88,False,"{'custommlp__alpha': 3.748263264804914e-05, 'custommlp__batch_size': 16, 'custommlp__class_weight': None, 'custommlp__hidden_layer_size': 100, 'custommlp__n_epochs': 88, 'custommlp__nesterovs_momentum': False}",0.5140774513619272,0.5710803869939298,0.5275478750100961,0.5252067645379372,0.5173435633754088,0.5310512082558598,0.020614431682246664,75
61,190.80860271453858,1.2079345415762655,0.16479916572570802,0.01500072380648424,0.00021869209911793056,8,balanced,50,157,True,"{'custommlp__alpha': 0.00021869209911793056, 'custommlp__batch_size': 8, 'custommlp__class_weight': 'balanced', 'custommlp__hidden_layer_size': 50, 'custommlp__n_epochs': 157, 'custommlp__nesterovs_momentum': True}",0.48870106256579043,0.5164377648379714,0.5027434464704474,0.4986003807383249,0.49143102880183537,0.4995827366828739,0.009797022574643528,97
62,369.20327339172366,4.440549444211429,0.1818108081817627,0.011685095132679797,1.3424883704781793e-05,8,balanced,100,308,False,"{'custommlp__alpha': 1.3424883704781793e-05, 'custommlp__batch_size': 8, 'custommlp__class_weight': 'balanced', 'custommlp__hidden_layer_size': 100, 'custommlp__n_epochs': 308, 'custommlp__nesterovs_momentum': False}",0.47344346595800435,0.5311335777105861,0.5072904821888884,0.5067701272598061,0.4960024097708916,0.5029280125776353,0.018690368398783137,95
63,523.2036679267883,3.2690799301216384,0.21140894889831544,0.03935441704715199,2.7340453224754407e-05,8,,200,410,True,"{'custommlp__alpha': 2.7340453224754407e-05, 'custommlp__batch_size': 8, 'custommlp__class_weight': None, 'custommlp__hidden_layer_size': 200, 'custommlp__n_epochs': 410, 'custommlp__nesterovs_momentum': True}",0.49825357571477513,0.5082630293477217,0.5333536158659019,0.5174275288675445,0.5027295525305816,0.512005460465305,0.012444317238336342,90
64,25.884207820892335,0.46439385937185623,0.20023732185363768,0.04446309881015383,0.00026984993321507337,128,balanced,100,272,False,"{'custommlp__alpha': 0.00026984993321507337, 'custommlp__batch_size': 128, 'custommlp__class_weight': 'balanced', 'custommlp__hidden_layer_size': 100, 'custommlp__n_epochs': 272, 'custommlp__nesterovs_momentum': False}",0.5193517600477597,0.5644630672333566,0.5408947399405231,0.5553173508483853,0.5594125269150547,0.5478878889970159,0.016284750567596765,50
65,50.91397218704223,0.5477980297237081,0.17136707305908203,0.013989015857516216,0.00017208910813775575,64,balanced,100,292,False,"{'custommlp__alpha': 0.00017208910813775575, 'custommlp__batch_size': 64, 'custommlp__class_weight': 'balanced', 'custommlp__hidden_layer_size': 100, 'custommlp__n_epochs': 292, 'custommlp__nesterovs_momentum': False}",0.552393139300769,0.55848290578142,0.5585145980665267,0.5666805954071553,0.522224780836533,0.5516592038784808,0.015402113242070654,40
66,2.081722068786621,0.10397698875692545,0.170235538482666,0.0245666028802165,0.0009197266687466414,512,balanced,100,10,True,"{'custommlp__alpha': 0.0009197266687466414, 'custommlp__batch_size': 512, 'custommlp__class_weight': 'balanced', 'custommlp__hidden_layer_size': 100, 'custommlp__n_epochs': 10, 'custommlp__nesterovs_momentum': True}",0.5499633719376593,0.5945217941135316,0.581614246965522,0.56134226813444,0.5647584319459523,0.570440022619421,0.01574254007728284,11
67,42.17188806533814,0.24200951348088012,0.16154155731201172,0.010553558382604543,5.4597054376998136e-05,8,,100,32,True,"{'custommlp__alpha': 5.4597054376998136e-05, 'custommlp__batch_size': 8, 'custommlp__class_weight': None, 'custommlp__hidden_layer_size': 100, 'custommlp__n_epochs': 32, 'custommlp__nesterovs_momentum': True}",0.5020420860189939,0.5077723373882111,0.5230211895664396,0.5289584196826126,0.5210309515802549,0.5165649968473025,0.010034439744886171,88
68,19.51823663711548,0.3452780076659246,0.17316031455993652,0.012356098304197226,0.00010535083086675813,32,balanced,400,49,True,"{'custommlp__alpha': 0.00010535083086675813, 'custommlp__batch_size': 32, 'custommlp__class_weight': 'balanced', 'custommlp__hidden_layer_size': 400, 'custommlp__n_epochs': 49, 'custommlp__nesterovs_momentum': True}",0.5638580093066439,0.5768101154210836,0.5749948830183566,0.5577297724084744,0.5482606680228568,0.5643306896354829,0.01069113855496225,23
69,18.36878638267517,0.3836972881949769,0.18343749046325683,0.025805603108378768,0.0008827525444437128,32,balanced,50,50,False,"{'custommlp__alpha': 0.0008827525444437128, 'custommlp__batch_size': 32, 'custommlp__class_weight': 'balanced', 'custommlp__hidden_layer_size': 50, 'custommlp__n_epochs': 50, 'custommlp__nesterovs_momentum': False}",0.5466172583697951,0.5386230503445453,0.5324703945123199,0.508614473070302,0.5403357380138952,0.5333321828621715,0.013154802554485994,73
70,19.429265451431274,0.31681309581212636,0.177664852142334,0.02586950828012206,4.637568142975961e-05,128,,100,208,False,"{'custommlp__alpha': 4.637568142975961e-05, 'custommlp__batch_size': 128, 'custommlp__class_weight': None, 'custommlp__hidden_layer_size': 100, 'custommlp__n_epochs': 208, 'custommlp__nesterovs_momentum': False}",0.5439255626514886,0.5533988837852875,0.5571533618864318,0.5331097989524084,0.5510886225682063,0.5477352459687646,0.008490467864366741,51
71,2.6996164321899414,0.09506710676976626,0.16593241691589355,0.02077017440341547,1.8406671834517414e-05,128,,100,11,False,"{'custommlp__alpha': 1.8406671834517414e-05, 'custommlp__batch_size': 128, 'custommlp__class_weight': None, 'custommlp__hidden_layer_size': 100, 'custommlp__n_epochs': 11, 'custommlp__nesterovs_momentum': False}",0.5656516430398282,0.5914222700899187,0.557044772895998,0.5776629059049666,0.5685978133100823,0.5720758810481588,0.01170298779941258,7
72,4.394582939147949,0.20470100214867323,0.19531235694885254,0.027547411287331666,0.00034766542047955145,128,,200,27,True,"{'custommlp__alpha': 0.00034766542047955145, 'custommlp__batch_size': 128, 'custommlp__class_weight': None, 'custommlp__hidden_layer_size': 200, 'custommlp__n_epochs': 27, 'custommlp__nesterovs_momentum': True}",0.545707239722223,0.5616729610804063,0.5732461915322288,0.5650250564989681,0.5512715478454641,0.559384599335858,0.009819234849903078,31
73,70.01729693412781,0.7152854599062094,0.1897284984588623,0.020469356166791533,0.00022084909030668326,32,,300,190,False,"{'custommlp__alpha': 0.00022084909030668326, 'custommlp__batch_size': 32, 'custommlp__class_weight': None, 'custommlp__hidden_layer_size': 300, 'custommlp__n_epochs': 190, 'custommlp__nesterovs_momentum': False}",0.5526940902275089,0.529125443235575,0.544610618750285,0.5441559412929011,0.5171618456856091,0.5375495878383758,0.012723869368208044,66
74,32.95509581565857,3.297836108591477,0.17771854400634765,0.03428150126650839,0.0005261412444320838,8,,100,27,True,"{'custommlp__alpha': 0.0005261412444320838, 'custommlp__batch_size': 8, 'custommlp__class_weight': None, 'custommlp__hidden_layer_size': 100, 'custommlp__n_epochs': 27, 'custommlp__nesterovs_momentum': True}",0.48185002784742376,0.5409540393337888,0.518901795331214,0.506366818771874,0.49835964852449843,0.5092864659617597,0.019879474729370343,92
75,5.149740314483642,0.10448583781768984,0.20215559005737305,0.021004922280842064,1.2904721633073898e-05,256,balanced,100,60,False,"{'custommlp__alpha': 1.2904721633073898e-05, 'custommlp__batch_size': 256, 'custommlp__class_weight': 'balanced', 'custommlp__hidden_layer_size': 100, 'custommlp__n_epochs': 60, 'custommlp__nesterovs_momentum': False}",0.5377267594419173,0.5913024790473642,0.5353793001393841,0.5529459851615769,0.5574663664695972,0.554964178051968,0.020057428608079842,34
76,3.584543561935425,0.11836839661347673,0.19451112747192384,0.030742526901518182,0.00023257480799679416,512,,400,44,False,"{'custommlp__alpha': 0.00023257480799679416, 'custommlp__batch_size': 512, 'custommlp__class_weight': None, 'custommlp__hidden_layer_size': 400, 'custommlp__n_epochs': 44, 'custommlp__nesterovs_momentum': False}",0.5233713082256335,0.5798472277264254,0.583586277850721,0.5675313182014765,0.5850405141336381,0.5678753292275789,0.02308908860086329,19
77,26.147998809814453,0.26049296926037946,0.17627477645874023,0.01586795414660938,0.00010439606538938746,64,,400,153,False,"{'custommlp__alpha': 0.00010439606538938746, 'custommlp__batch_size': 64, 'custommlp__class_weight': None, 'custommlp__hidden_layer_size': 400, 'custommlp__n_epochs': 153, 'custommlp__nesterovs_momentum': False}",0.52230188242649,0.5838098714619884,0.587385698964056,0.5207740266643777,0.5337698930428059,0.5496082745119436,0.029748244510860406,44
78,4.012197732925415,0.21807324756102434,0.19758267402648927,0.04340015053286046,0.0004949378244602636,64,balanced,100,13,False,"{'custommlp__alpha': 0.0004949378244602636, 'custommlp__batch_size': 64, 'custommlp__class_weight': 'balanced', 'custommlp__hidden_layer_size': 100, 'custommlp__n_epochs': 13, 'custommlp__nesterovs_momentum': False}",0.5646596505463728,0.5799155465186387,0.556102543538593,0.5342121995595753,0.5483554055482511,0.5566490691422862,0.015349234812549543,32
79,73.6049542427063,0.4736213450334334,0.179634952545166,0.02620711124434623,3.512722195377898e-05,8,balanced,50,60,True,"{'custommlp__alpha': 3.512722195377898e-05, 'custommlp__batch_size': 8, 'custommlp__class_weight': 'balanced', 'custommlp__hidden_layer_size': 50, 'custommlp__n_epochs': 60, 'custommlp__nesterovs_momentum': True}",0.48811410491754365,0.5237728010595807,0.5232327351973585,0.49177490611457914,0.47258793650106173,0.4998964967580248,0.020323387448791374,96
80,13.869556093215943,0.5138166088884062,0.18841242790222168,0.03086658828720502,0.00026937513051656183,64,,300,76,False,"{'custommlp__alpha': 0.00026937513051656183, 'custommlp__batch_size': 64, 'custommlp__class_weight': None, 'custommlp__hidden_layer_size': 300, 'custommlp__n_epochs': 76, 'custommlp__nesterovs_momentum': False}",0.5327634173151712,0.5855331322307668,0.5762243038494139,0.5622898348291511,0.5231387304445195,0.5559898837338044,0.0242511512621731,33
81,74.17626094818115,0.5140952021245239,0.22141542434692382,0.031272547070778575,9.480257198801272e-05,8,balanced,100,64,False,"{'custommlp__alpha': 9.480257198801272e-05, 'custommlp__batch_size': 8, 'custommlp__class_weight': 'balanced', 'custommlp__hidden_layer_size': 100, 'custommlp__n_epochs': 64, 'custommlp__nesterovs_momentum': False}",0.4956087397122563,0.5285803020186666,0.5133522501604351,0.4549599131702351,0.4730916683519141,0.4931185746827015,0.02657177854968728,99
82,12.710403108596802,0.2965176503879158,0.17895078659057617,0.029907467263561388,7.257798038858173e-05,16,,100,18,False,"{'custommlp__alpha': 7.257798038858173e-05, 'custommlp__batch_size': 16, 'custommlp__class_weight': None, 'custommlp__hidden_layer_size': 100, 'custommlp__n_epochs': 18, 'custommlp__nesterovs_momentum': False}",0.5059324914581033,0.567178451739661,0.5105264826696448,0.508825016125137,0.5229408117627286,0.5230806507510548,0.022801426397985596,84
83,3.4497538566589356,0.2793944238392952,0.21095075607299804,0.04692116794568163,3.590808094105266e-05,128,balanced,100,18,True,"{'custommlp__alpha': 3.590808094105266e-05, 'custommlp__batch_size': 128, 'custommlp__class_weight': 'balanced', 'custommlp__hidden_layer_size': 100, 'custommlp__n_epochs': 18, 'custommlp__nesterovs_momentum': True}",0.5426615430694341,0.5813792478783345,0.5578195414494334,0.5387938796461064,0.5232361985162106,0.5487780821119038,0.019667578206960433,47
84,3.3840691566467287,0.13633399053686174,0.20808706283569336,0.02583594508536822,2.36734625360058e-05,128,balanced,200,14,False,"{'custommlp__alpha': 2.36734625360058e-05, 'custommlp__batch_size': 128, 'custommlp__class_weight': 'balanced', 'custommlp__hidden_layer_size': 200, 'custommlp__n_epochs': 14, 'custommlp__nesterovs_momentum': False}",0.547264677461831,0.5810951309222107,0.5613489276326743,0.5634855455500414,0.5667529558592993,0.5639894474852113,0.010836840673991264,24
85,55.9121509552002,0.5222077095138896,0.1797823429107666,0.021458692688195787,0.000580875180528126,64,balanced,200,309,True,"{'custommlp__alpha': 0.000580875180528126, 'custommlp__batch_size': 64, 'custommlp__class_weight': 'balanced', 'custommlp__hidden_layer_size': 200, 'custommlp__n_epochs': 309, 'custommlp__nesterovs_momentum': True}",0.5440809294972903,0.5407612024698537,0.5591267057495595,0.5633403325495258,0.5617148972740736,0.5538048135080605,0.009449950209144612,36
86,13.619491147994996,1.3779981793921972,0.19782705307006837,0.048920278962648604,0.0006428191198097526,32,,300,36,True,"{'custommlp__alpha': 0.0006428191198097526, 'custommlp__batch_size': 32, 'custommlp__class_weight': None, 'custommlp__hidden_layer_size': 300, 'custommlp__n_epochs': 36, 'custommlp__nesterovs_momentum': True}",0.5177465918522736,0.5316712610255083,0.561083863338182,0.5140310583350866,0.546875705338957,0.5342816959780015,0.017704675151052448,72
87,4.725545597076416,0.28724831908314713,0.18421382904052735,0.029671589721661673,1.1327601688508784e-05,32,,50,10,False,"{'custommlp__alpha': 1.1327601688508784e-05, 'custommlp__batch_size': 32, 'custommlp__class_weight': None, 'custommlp__hidden_layer_size': 50, 'custommlp__n_epochs': 10, 'custommlp__nesterovs_momentum': False}",0.542343336523442,0.5388460383662671,0.5573210009432661,0.5211409807490301,0.5292353156362863,0.5377773344436584,0.012277457007645716,65
88,4.701771926879883,0.16030282953582736,0.20576887130737304,0.03606220110689931,0.0008285776339385441,512,balanced,100,60,False,"{'custommlp__alpha': 0.0008285776339385441, 'custommlp__batch_size': 512, 'custommlp__class_weight': 'balanced', 'custommlp__hidden_layer_size': 100, 'custommlp__n_epochs': 60, 'custommlp__nesterovs_momentum': False}",0.5619545101238965,0.5726563279788346,0.5801102230225151,0.5602863690153512,0.5798281935583466,0.5709671247397888,0.008488509403391319,10
89,31.936501121520998,0.46783941827682546,0.2078026294708252,0.03052098627602503,0.00017512856194508295,128,balanced,100,350,True,"{'custommlp__alpha': 0.00017512856194508295, 'custommlp__batch_size': 128, 'custommlp__class_weight': 'balanced', 'custommlp__hidden_layer_size': 100, 'custommlp__n_epochs': 350, 'custommlp__nesterovs_momentum': True}",0.5356755313983262,0.5631831158755433,0.5346821670990504,0.5652458696058918,0.5412984491044235,0.548017026616647,0.013432152176940873,49
90,9.448709630966187,0.14006426499545654,0.19765853881835938,0.03557471781583958,1.47911565961226e-05,64,,400,48,True,"{'custommlp__alpha': 1.47911565961226e-05, 'custommlp__batch_size': 64, 'custommlp__class_weight': None, 'custommlp__hidden_layer_size': 400, 'custommlp__n_epochs': 48, 'custommlp__nesterovs_momentum': True}",0.5327553857527942,0.5889134627563207,0.5755400933496156,0.5532554730966165,0.548269165525282,0.5597467160961258,0.020012656956530525,30
91,17.636046123504638,0.3380371974566069,0.19311094284057617,0.04283846194251984,0.0007472964988946057,256,,100,277,False,"{'custommlp__alpha': 0.0007472964988946057, 'custommlp__batch_size': 256, 'custommlp__class_weight': None, 'custommlp__hidden_layer_size': 100, 'custommlp__n_epochs': 277, 'custommlp__nesterovs_momentum': False}",0.5421276785282785,0.5655316176348286,0.5587510658967401,0.5540361729801881,0.5542008887354081,0.5549294847550887,0.007644930408810207,35
92,55.41220216751098,0.4847854312065937,0.18894171714782715,0.029122192641302166,4.111233201104889e-05,8,balanced,200,46,False,"{'custommlp__alpha': 4.111233201104889e-05, 'custommlp__batch_size': 8, 'custommlp__class_weight': 'balanced', 'custommlp__hidden_layer_size': 200, 'custommlp__n_epochs': 46, 'custommlp__nesterovs_momentum': False}",0.5038436996676555,0.5373633050826125,0.5200342299103073,0.513015263034264,0.49047007712557533,0.512945314964083,0.015712870941858977,89
93,10.160059642791747,0.24206634398488905,0.17609405517578125,0.019036028223387437,2.3467382414601336e-05,16,,50,15,False,"{'custommlp__alpha': 2.3467382414601336e-05, 'custommlp__batch_size': 16, 'custommlp__class_weight': None, 'custommlp__hidden_layer_size': 50, 'custommlp__n_epochs': 15, 'custommlp__nesterovs_momentum': False}",0.5405485949340627,0.5539549482074383,0.5527869890646023,0.5147162241513387,0.5191193315782346,0.5362252175871354,0.01650803046274704,68
94,4.162367296218872,0.37924427436537833,0.20292019844055176,0.04030610507615867,1.5738234308279987e-05,256,balanced,300,36,True,"{'custommlp__alpha': 1.5738234308279987e-05, 'custommlp__batch_size': 256, 'custommlp__class_weight': 'balanced', 'custommlp__hidden_layer_size': 300, 'custommlp__n_epochs': 36, 'custommlp__nesterovs_momentum': True}",0.5389766061886448,0.5807727961613722,0.5538118600021421,0.5675511365915786,0.5579340007783815,0.5598092799444239,0.013949131659373976,29
95,3.925181531906128,0.10990534744508135,0.22063889503479003,0.07258624484012563,2.980894373360818e-05,64,,200,11,True,"{'custommlp__alpha': 2.980894373360818e-05, 'custommlp__batch_size': 64, 'custommlp__class_weight': None, 'custommlp__hidden_layer_size': 200, 'custommlp__n_epochs': 11, 'custommlp__nesterovs_momentum': True}",0.5495282405940037,0.6074535856887722,0.5771447777232375,0.552257551181096,0.5654070571407799,0.5703582424655778,0.021015041226304744,12
96,3.575082015991211,0.16747860795161962,0.2352205276489258,0.05373132435377849,0.00019937189970835263,256,balanced,100,24,False,"{'custommlp__alpha': 0.00019937189970835263, 'custommlp__batch_size': 256, 'custommlp__class_weight': 'balanced', 'custommlp__hidden_layer_size': 100, 'custommlp__n_epochs': 24, 'custommlp__nesterovs_momentum': False}",0.5470859989819983,0.5808311667135471,0.5669121494193271,0.5617134668589159,0.5610265462342672,0.5635138656416111,0.010869592868611602,27
97,75.83318271636963,0.5052959400898119,0.20689377784729004,0.04947292241119603,0.00034848019118444184,16,balanced,300,112,True,"{'custommlp__alpha': 0.00034848019118444184, 'custommlp__batch_size': 16, 'custommlp__class_weight': 'balanced', 'custommlp__hidden_layer_size': 300, 'custommlp__n_epochs': 112, 'custommlp__nesterovs_momentum': True}",0.5314613875671388,0.543086139024018,0.5567986849121291,0.5420724123802935,0.5000565720170682,0.5346950391801295,0.019098100726150872,70
98,16.221860218048096,0.3016285372572464,0.15959067344665528,0.020829210410507313,5.605913513176541e-05,256,balanced,50,259,False,"{'custommlp__alpha': 5.605913513176541e-05, 'custommlp__batch_size': 256, 'custommlp__class_weight': 'balanced', 'custommlp__hidden_layer_size': 50, 'custommlp__n_epochs': 259, 'custommlp__nesterovs_momentum': False}",0.5231099372382063,0.5659110313972808,0.5457016818161528,0.5431921649717959,0.5148580443159482,0.5385545719478768,0.01800570179280726,62
99,115.99436511993409,0.9306585122898692,0.1646035671234131,0.03310249725435747,9.563364152483572e-05,16,balanced,400,214,False,"{'custommlp__alpha': 9.563364152483572e-05, 'custommlp__batch_size': 16, 'custommlp__class_weight': 'balanced', 'custommlp__hidden_layer_size': 400, 'custommlp__n_epochs': 214, 'custommlp__nesterovs_momentum': False}",0.5422599541881357,0.5710973104611637,0.531824113896316,0.5354433008397261,0.5181748865353657,0.5397599131841415,0.017526015525592492,59
